{"version":"1.132.1","results":[{"check_id":"semgrep-rules.hardcoded-password-assignment","path":"src/app.py","start":{"line":2,"col":5,"offset":17},"end":{"line":2,"col":24,"offset":36},"extra":{"message":"Possível senha hardcoded detectada: password","metadata":{"category":"security"},"severity":"ERROR","fingerprint":"requires login","lines":"requires login","validation_state":"NO_VALIDATOR","engine_kind":"OSS"}},{"check_id":"semgrep-rules.hardcoded-password-assignment","path":"src/app.py","start":{"line":3,"col":5,"offset":43},"end":{"line":3,"col":35,"offset":73},"extra":{"message":"Possível senha hardcoded detectada: token","metadata":{"category":"security"},"severity":"ERROR","fingerprint":"requires login","lines":"requires login","validation_state":"NO_VALIDATOR","engine_kind":"OSS"}},{"check_id":"semgrep-rules.uso-de-eval","path":"src/appeval.py","start":{"line":5,"col":5,"offset":88},"end":{"line":5,"col":21,"offset":104},"extra":{"message":"⚠️ Uso de eval() pode levar à execução arbitrária de código.","metadata":{"cwe":"CWE-95","category":"security"},"severity":"WARNING","fingerprint":"requires login","lines":"requires login","validation_state":"NO_VALIDATOR","engine_kind":"OSS"}}],"errors":[],"paths":{"scanned":["src/app.py","src/appeval.py"]},"time":{"rules":[],"rules_parse_time":0.004651069641113281,"profiling_times":{"config_time":0.2596395015716553,"core_time":0.7268404960632324,"ignores_time":9.131431579589844e-05,"total_time":0.9874370098114014},"parsing_time":{"total_time":0.02771472930908203,"per_file_time":{"mean":0.013857364654541016,"std_dev":1.701266683085123e-07},"very_slow_stats":{"time_ratio":0.0,"count_ratio":0.0},"very_slow_files":[]},"scanning_time":{"total_time":0.043383121490478516,"per_file_time":{"mean":0.021691560745239258,"std_dev":1.0793905858008657e-07},"very_slow_stats":{"time_ratio":0.0,"count_ratio":0.0},"very_slow_files":[]},"matching_time":{"total_time":0.013799190521240234,"per_file_and_rule_time":{"mean":0.004599730173746745,"std_dev":1.0255831448881103e-05},"very_slow_stats":{"time_ratio":0.0,"count_ratio":0.0},"very_slow_rules_on_files":[]},"tainting_time":{"total_time":0.0,"per_def_and_rule_time":{"mean":0.0,"std_dev":0.0},"very_slow_stats":{"time_ratio":0.0,"count_ratio":0.0},"very_slow_rules_on_defs":[]},"fixpoint_timeouts":[],"targets":[],"total_bytes":0,"max_memory_bytes":65604992},"engine_requested":"OSS","skipped_rules":[]}
